"Status","Start Time","Stop Time","Duration in ms","Parent Suite","Suite","Sub Suite","Test Class","Test Method","Name","Description"
"passed","Wed Apr 20 17:50:46 CST 2022","Wed Apr 20 17:50:46 CST 2022","0","test_cal","test_calculator","TestCalculator","","","输入大于99的加数_02",""
"passed","Wed Apr 20 17:50:46 CST 2022","Wed Apr 20 17:50:46 CST 2022","1","test_cal","test_calculator","TestCalculator","","","输入-99到99之间的浮点数",""
"passed","Wed Apr 20 17:50:46 CST 2022","Wed Apr 20 17:50:46 CST 2022","0","test_cal","test_calculator","TestCalculator","","","输入-99到99之内的浮点数",""
"passed","Wed Apr 20 17:50:46 CST 2022","Wed Apr 20 17:50:46 CST 2022","0","test_cal","test_calculator","TestCalculator","","","输入-99到99之内的整数",""
"passed","Wed Apr 20 17:50:46 CST 2022","Wed Apr 20 17:50:46 CST 2022","0","test_cal","test_calculator","TestCalculator","","","输入大于99的加数_01",""
"passed","Wed Apr 20 17:50:46 CST 2022","Wed Apr 20 17:50:46 CST 2022","0","test_cal","test_calculator","TestCalculator","","","输入小于-99的加数_01",""
"passed","Wed Apr 20 17:50:46 CST 2022","Wed Apr 20 17:50:46 CST 2022","0","test_cal","test_calculator","TestCalculator","","","输入大于99的加数_01",""
"broken","Wed Apr 20 17:50:46 CST 2022","Wed Apr 20 17:50:46 CST 2022","0","test_cal","test_calculator","TestCalculator","","","输入除数为0",""
"passed","Wed Apr 20 17:50:46 CST 2022","Wed Apr 20 17:50:46 CST 2022","0","test_cal","test_calculator","TestCalculator","","","输入小于-99的加数_02",""
"passed","Wed Apr 20 17:50:46 CST 2022","Wed Apr 20 17:50:46 CST 2022","0","test_cal","test_calculator","TestCalculator","","","输入-99到99之内的整数",""
"passed","Wed Apr 20 17:50:46 CST 2022","Wed Apr 20 17:50:46 CST 2022","0","test_cal","test_calculator","TestCalculator","","","输入小于-99的加数_01",""
"passed","Wed Apr 20 17:50:46 CST 2022","Wed Apr 20 17:50:46 CST 2022","0","test_cal","test_calculator","TestCalculator","","","输入大于99的加数_02",""
"passed","Wed Apr 20 17:50:46 CST 2022","Wed Apr 20 17:50:46 CST 2022","0","test_cal","test_calculator","TestCalculator","","","输入小于-99的加数_02",""
